Country,Metric,Min,P25,P50,P75,Max
IT,carbon-intensity,219.02932922655734,241.0603182751541,279.2029158110883,285.00850444900766,296.74620807665974
IT,cfe,42.20317590691308,45.72843600273787,47.60010951403143,53.14918035592059,57.42364818617382
SE,carbon-intensity,3.1500616016427103,3.7657614647501694,4.293637919233399,4.876137919233402,5.947180013689256
SE,cfe,99.21393566050641,99.33800650239564,99.41132785763175,99.47249486652979,99.54097878165648
