Country,Metric,Min,P25,P50,P75,Max
IT,carbon-intensity,219.02932922655714,235.0937987679671,278.9601300479123,284.95088295687884,296.7462080766596
IT,cfe,42.20317590691309,45.62150581793295,47.465516769336055,52.606625598904856,57.423648186173864
SE,carbon-intensity,3.1500616016427103,3.589062286105407,4.284784394250511,4.769664613278573,5.947180013689257
SE,cfe,99.21393566050644,99.30520876112249,99.41106776180703,99.46748802190278,99.54097878165646
