Country,Metric,Min,P25,P50,P75,Max
IT,carbon-intensity,219.02932922655717,241.06031827515397,279.20291581108825,285.00850444900755,296.7462080766598
IT,cfe,42.203175906913074,45.72843600273785,47.60010951403148,53.149180355920606,57.42364818617385
SE,carbon-intensity,3.1500616016427103,3.7657614647501707,4.293637919233401,4.876137919233401,5.947180013689254
SE,cfe,99.21393566050648,99.33800650239561,99.41132785763175,99.47249486652977,99.54097878165638
