Country,Year,Avg_Carbon_Intensity,Min_Carbon_Intensity,Max_Carbon_Intensity,Avg_CFE,Min_CFE,Max_CFE
Italy,2021,280.08424543379004,121.24,439.06,46.3059315068493,15.41,77.02
Italy,2022,321.6179760273974,121.38,447.33,41.24412671232876,13.93,77.44
Italy,2023,251.81946461187232,74.44,429.93,51.59605707762555,20.39,85.02
Italy,2024,207.29918943533693,50.18,345.65,57.431828324225876,20.9,90.26
Sweden,2021,5.946325342465754,1.5,55.07,98.96241095890416,92.8,99.65
Sweden,2022,3.875823059360728,0.54,50.58,99.55172260273967,94.16,99.97
Sweden,2023,3.9033082191780832,0.31,51.57,99.52559931506846,94.12,99.98
Sweden,2024,3.726148679417125,0.25,45.61,99.55792805100195,94.27,99.98
