Country,Year,Avg_Carbon_Intensity,Min_Carbon_Intensity,Max_Carbon_Intensity,Avg_CFE,Min_CFE,Max_CFE
Italy,2021,280.08424543378953,121.24,439.06,46.305931506849326,15.41,77.02
Italy,2022,321.6179760273968,121.38,447.33,41.244126712328814,13.93,77.44
Italy,2023,251.81946461187212,74.44,429.93,51.59605707762565,20.39,85.02
Italy,2024,207.29918943533704,50.18,345.65,57.43182832422588,20.9,90.26
Sweden,2021,5.946325342465755,1.5,55.07,98.96241095890387,92.8,99.65
Sweden,2022,3.8758230593607355,0.54,50.58,99.55172260273974,94.16,99.97
Sweden,2023,3.9033082191780877,0.31,51.57,99.5255993150684,94.12,99.98
Sweden,2024,3.7261486794171246,0.25,45.61,99.5579280510018,94.27,99.98
