Country,Metric,Min,P25,P50,P75,Max
IT,carbon-intensity,219.02932922655705,241.06031827515403,279.20291581108825,285.00850444900743,296.7462080766596
IT,cfe,42.203175906913096,45.72843600273788,47.60010951403149,53.1491803559206,57.42364818617383
SE,carbon-intensity,3.1500616016427103,3.7657614647501716,4.293637919233399,4.8761379192334,5.947180013689255
SE,cfe,99.21393566050642,99.33800650239556,99.41132785763175,99.47249486652979,99.54097878165649
