Country,Metric,Min,P25,P50,P75,Max
IT,carbon-intensity,219.02932922655717,235.0937987679671,278.96013004791234,284.9508829568789,296.7462080766598
IT,cfe,42.203175906913074,45.621505817932935,47.465516769336055,52.60662559890487,57.42364818617385
SE,carbon-intensity,3.1500616016427103,3.589062286105408,4.2847843942505115,4.769664613278576,5.947180013689253
SE,cfe,99.21393566050651,99.30520876112254,99.41106776180696,99.46748802190281,99.54097878165638
