Country,Metric,Min,P25,P50,P75,Max
IT,carbon-intensity,219.02932922655705,235.09379876796706,278.9601300479124,284.95088295687873,296.7462080766597
IT,cfe,42.203175906913096,45.62150581793295,47.46551676933607,52.60662559890485,57.42364818617384
SE,carbon-intensity,3.1500616016427103,3.5890622861054067,4.284784394250511,4.769664613278573,5.947180013689255
SE,cfe,99.21393566050642,99.30520876112242,99.41106776180699,99.46748802190281,99.54097878165649
