Country,Metric,Min,P25,P50,P75,Max
IT,carbon-intensity,219.02932922655702,235.09379876796774,278.96013004791297,284.9508829568789,296.74620807665985
IT,cfe,42.2031759069131,45.62150581793296,47.465516769336055,52.60662559890493,57.42364818617372
SE,carbon-intensity,3.1500616016427134,3.5890622861054022,4.284784394250509,4.769664613278579,5.947180013689255
SE,cfe,99.21393566050644,99.30520876112239,99.41106776180685,99.46748802190277,99.54097878165642
